RoadId,Group,OriginCityId,OriginCityName,Paths,AdjacencyId,AdjacencyCityName,DistanceKM,TimeHours,FuelCost,TollCost,DriverCost,Period
1,A,147,Viana do Castelo,3,26,Braga,39.29,0.61,3.93,2.09,6.1,DAY/NIGHT
2,A,147,Viana do Castelo,3,60,Guimarães,31.39,0.53,3.14,2.27,5.3,DAY/NIGHT
3,A,147,Viana do Castelo,3,115,Póvoa de Varzim,24.6,0.51,2.46,1.89,5.1,DAY/NIGHT
4,A,115,Póvoa de Varzim,3,147,Viana do Castelo,27.36,0.46,2.74,0.89,4.6,DAY/NIGHT
5,A,115,Póvoa de Varzim,3,60,Guimarães,25.13,0.5,2.51,1.59,5,DAY/NIGHT
6,A,115,Póvoa de Varzim,3,149,Vila do Conde,18.15,0.3,1.82,1.19,3,DAY/NIGHT
7,A,26,Braga,3,147,Viana do Castelo,36.21,0.79,3.62,0.99,7.9,DAY/NIGHT
8,A,26,Braga,3,60,Guimarães,19.38,0.29,1.94,1.52,2.9,DAY/NIGHT
9,A,26,Braga,3,35,Chaves,36.61,0.62,3.66,0.81,6.2,DAY/NIGHT
10,A,60,Guimarães,7,147,Viana do Castelo,46.3,0.66,4.63,1.77,6.6,DAY/NIGHT
11,A,60,Guimarães,7,26,Braga,15.99,0.38,1.6,2.35,3.8,DAY/NIGHT
12,A,60,Guimarães,7,115,Póvoa de Varzim,25.82,0.55,2.58,1.24,5.5,DAY/NIGHT
13,A,60,Guimarães,7,12,Amarante,19.11,0.3,1.91,1.54,3,DAY/NIGHT
14,A,60,Guimarães,7,156,Vila Real,47.04,1.1,4.7,0.96,11,DAY/NIGHT
15,A,60,Guimarães,7,123,Santo Tirso,26.03,0.51,2.6,1.08,5.1,DAY/NIGHT
16,A,60,Guimarães,7,149,Vila do Conde,26.15,0.56,2.62,2.45,5.6,DAY/NIGHT
17,A,149,Vila do Conde,3,115,Póvoa de Varzim,16.6,0.21,1.66,1.18,2.1,DAY/NIGHT
18,A,149,Vila do Conde,3,60,Guimarães,33.77,0.73,3.38,0.88,7.3,DAY/NIGHT
19,A,149,Vila do Conde,3,114,Porto,38.95,0.53,3.9,1.01,5.3,DAY/NIGHT
20,A,114,Porto,4,149,Vila do Conde,68.48,1.64,6.85,0.61,16.4,DAY/NIGHT
21,A,114,Porto,4,155,Vila Nova de Gaia,15.52,0.34,1.55,0.68,3.4,DAY/NIGHT
22,A,114,Porto,4,123,Santo Tirso,61.88,1.48,6.19,0.61,14.8,DAY/NIGHT
23,A,114,Porto,4,103,Paredes,51.98,0.83,5.2,1.52,8.3,DAY/NIGHT
24,A,123,Santo Tirso,3,60,Guimarães,35.86,0.84,3.59,2.08,8.4,DAY/NIGHT
25,A,123,Santo Tirso,3,12,Amarante,35.5,0.52,3.55,0.73,5.2,DAY/NIGHT
26,A,123,Santo Tirso,3,114,Porto,32.27,0.5,3.23,1.31,5,DAY/NIGHT
27,A,103,Paredes,3,12,Amarante,26.69,0.62,2.67,1.76,6.2,DAY/NIGHT
28,A,103,Paredes,3,114,Porto,31.06,0.47,3.11,1.1,4.7,DAY/NIGHT
29,A,103,Paredes,3,19,Baião,16.82,0.25,1.68,0.72,2.5,DAY/NIGHT
30,A,12,Amarante,5,123,Santo Tirso,23.95,0.51,2.4,1.31,5.1,DAY/NIGHT
31,A,12,Amarante,5,60,Guimarães,41.22,0.83,4.12,1.66,8.3,DAY/NIGHT
32,A,12,Amarante,5,156,Vila Real,38.92,0.82,3.89,1.24,8.2,DAY/NIGHT
33,A,12,Amarante,5,19,Baião,30.49,0.52,3.05,0.81,5.2,DAY/NIGHT
34,A,12,Amarante,5,103,Paredes,33.19,0.69,3.32,0.37,6.9,DAY/NIGHT
35,A,156,Vila Real,5,35,Chaves,40.17,0.92,4.02,0.71,9.2,DAY/NIGHT
36,A,156,Vila Real,5,60,Guimarães,35.69,0.49,3.57,2.7,4.9,DAY/NIGHT
37,A,156,Vila Real,5,132,Tabuaço,49.64,1.13,4.96,1.29,11.3,DAY/NIGHT
38,A,156,Vila Real,5,19,Baião,38.76,0.75,3.88,1.15,7.5,DAY/NIGHT
39,A,156,Vila Real,5,12,Amarante,56.78,0.85,5.68,1.93,8.5,DAY/NIGHT
40,A,35,Chaves,3,26,Braga,28.47,0.38,2.85,2.51,3.8,DAY/NIGHT
41,A,35,Chaves,3,27,Bragança,24.25,0.59,2.43,0.52,5.9,DAY/NIGHT
42,A,35,Chaves,3,156,Vila Real,73.54,1.32,7.35,1.24,13.2,DAY/NIGHT
43,A,132,Tabuaço,3,156,Vila Real,54.07,0.69,5.41,1.82,6.9,DAY/NIGHT
44,A,132,Tabuaço,3,64,Lamego,43.24,0.88,4.32,1.1,8.8,DAY/NIGHT
45,A,132,Tabuaço,3,154,Vila Nova de Foz Côa,67.44,1.08,6.74,1.93,10.8,DAY/NIGHT
46,A,19,Baião,4,103,Paredes,29.55,0.56,2.96,1.19,5.6,DAY/NIGHT
47,A,19,Baião,4,64,Lamego,21.04,0.37,2.1,1.51,3.7,DAY/NIGHT
48,A,19,Baião,4,12,Amarante,24.26,0.59,2.43,0.11,5.9,DAY/NIGHT
49,A,19,Baião,4,156,Vila Real,41.18,0.98,4.12,0.9,9.8,DAY/NIGHT
50,A,64,Lamego,4,132,Tabuaço,40.62,0.78,4.06,1.75,7.8,DAY/NIGHT
51,A,64,Lamego,4,19,Baião,24.4,0.38,2.44,1.46,3.8,DAY/NIGHT
52,A,64,Lamego,4,161,Viseu,61.57,0.81,6.16,0.82,8.1,DAY/NIGHT
53,A,64,Lamego,4,154,Vila Nova de Foz Côa,78.62,1.36,7.86,1.37,13.6,DAY/NIGHT
54,A,155,Vila Nova de Gaia,3,114,Porto,9.68,0.24,0.97,1.72,2.4,DAY/NIGHT
55,A,155,Vila Nova de Gaia,3,15,Arouca,52.78,1.12,5.28,0.87,11.2,DAY/NIGHT
56,A,155,Vila Nova de Gaia,3,42,Espinho,68.36,1.49,6.84,2.57,14.9,DAY/NIGHT
57,B,27,Bragança,3,35,Chaves,61.71,0.95,6.17,1.23,9.5,DAY/NIGHT
58,B,27,Bragança,3,160,Vimioso,103.74,1.61,10.37,0.84,16.1,DAY/NIGHT
59,B,27,Bragança,3,81,Mirandela,29.56,0.67,2.96,1.19,6.7,DAY/NIGHT
60,B,81,Mirandela,4,160,Vimioso,80.16,1.75,8.02,0.86,17.5,DAY/NIGHT
61,B,81,Mirandela,4,27,Bragança,37.48,0.55,3.75,0.71,5.5,DAY/NIGHT
62,B,81,Mirandela,4,71,Magadouro,102.53,1.32,10.25,1.04,13.2,DAY/NIGHT
63,B,81,Mirandela,4,151,Vila Flor,67.41,1.01,6.74,1.38,10.1,DAY/NIGHT
64,B,151,Vila Flor,2,81,Mirandela,71.89,0.98,7.19,0.41,9.8,DAY/NIGHT
65,B,151,Vila Flor,2,154,Vila Nova de Foz Côa,71.19,0.91,7.12,2.23,9.1,DAY/NIGHT
66,B,154,Vila Nova de Foz Côa,5,64,Lamego,43.9,1,4.39,1.45,10,DAY/NIGHT
67,B,154,Vila Nova de Foz Côa,5,132,Tabuaço,59.13,1.24,5.91,1.6,12.4,DAY/NIGHT
68,B,154,Vila Nova de Foz Côa,5,151,Vila Flor,48.11,0.97,4.81,0.98,9.7,DAY/NIGHT
69,B,154,Vila Nova de Foz Côa,5,71,Magadouro,68.65,1.65,6.87,2.1,16.5,DAY/NIGHT
70,B,154,Vila Nova de Foz Côa,5,59,Guarda,57.25,1.14,5.73,1.21,11.4,DAY/NIGHT
71,B,160,Vimioso,3,27,Bragança,47.37,0.86,4.74,1.82,8.6,DAY/NIGHT
72,B,160,Vimioso,3,80,Miranda do Ouro,68.47,1.01,6.85,0.66,10.1,DAY/NIGHT
73,B,160,Vimioso,3,81,Mirandela,58.03,0.75,5.8,1.47,7.5,DAY/NIGHT
74,B,80,Miranda do Ouro,2,160,Vimioso,60.73,1.05,6.07,1.75,10.5,DAY/NIGHT
75,B,80,Miranda do Ouro,2,71,Magadouro,68.77,1.63,6.88,0.93,16.3,DAY/NIGHT
76,B,71,Magadouro,4,80,Miranda do Ouro,91.97,1.67,9.2,1.93,16.7,DAY/NIGHT
77,B,71,Magadouro,4,81,Mirandela,41.86,0.63,4.19,0.75,6.3,DAY/NIGHT
78,B,71,Magadouro,4,154,Vila Nova de Foz Côa,90.65,1.68,9.07,1.79,16.8,DAY/NIGHT
79,B,71,Magadouro,4,109,Pinhel,107.89,2.62,10.79,0.81,26.2,DAY/NIGHT
80,C,42,Espinho,3,155,Vila Nova de Gaia,56,0.91,5.6,0.6,9.1,DAY/NIGHT
81,C,42,Espinho,3,15,Arouca,85.97,1.27,8.6,2,12.7,DAY/NIGHT
82,C,42,Espinho,3,17,Aveiro,70.66,1.14,7.07,0.7,11.4,DAY/NIGHT
83,C,17,Aveiro,3,2,Águeda,50.55,0.97,5.06,1.4,9.7,DAY/NIGHT
84,C,17,Aveiro,3,42,Espinho,58.08,1.43,5.81,1,14.3,DAY/NIGHT
85,C,17,Aveiro,3,141,Vagos,25.71,0.58,2.57,1.23,5.8,DAY/NIGHT
86,C,141,Vagos,4,61,Ílhavo,65.75,1.21,6.58,2.02,12.1,DAY/NIGHT
87,C,141,Vagos,4,17,Aveiro,58.98,1.31,5.9,0.76,13.1,DAY/NIGHT
88,C,141,Vagos,4,53,Figueira da Foz,28.34,0.66,2.83,0.84,6.6,DAY/NIGHT
89,C,141,Vagos,4,36,Coimbra,76.97,1.11,7.7,1.07,11.1,DAY/NIGHT
90,C,61,Ílhavo,1,141,Vagos,83.31,1.4,8.33,1.06,14,DAY/NIGHT
91,C,53,Figueira da Foz,3,141,Vagos,47.21,1,4.72,1.97,10,DAY/NIGHT
92,C,53,Figueira da Foz,3,36,Coimbra,84.28,2.11,8.43,1.54,21.1,DAY/NIGHT
93,C,53,Figueira da Foz,3,110,Pombal,47.58,0.86,4.76,1.25,8.6,DAY/NIGHT
94,C,110,Pombal,3,53,Figueira da Foz,44.48,0.75,4.45,0.62,7.5,DAY/NIGHT
95,C,110,Pombal,3,36,Coimbra,135.52,3.16,13.55,2.04,31.6,DAY/NIGHT
96,C,110,Pombal,3,65,Leiria,43.94,0.65,4.39,1.28,6.5,DAY/NIGHT
97,C,65,Leiria,4,110,Pombal,47,0.77,4.7,2.05,7.7,DAY/NIGHT
98,C,65,Leiria,4,98,Ourém,40.07,0.84,4.01,1.12,8.4,DAY/NIGHT
99,C,65,Leiria,4,22,Batalha,54.9,0.81,5.49,1.11,8.1,DAY/NIGHT
100,C,65,Leiria,4,87,Nazaré,73.68,1.81,7.37,2.02,18.1,DAY/NIGHT
101,C,87,Nazaré,2,28,Caldas da Rainha,83.99,1.59,8.4,1.6,15.9,DAY/NIGHT
102,C,87,Nazaré,2,65,Leiria,87.73,1.92,8.77,0.97,19.2,DAY/NIGHT
103,C,22,Batalha,4,65,Leiria,67.93,0.91,6.79,2.01,9.1,DAY/NIGHT
104,C,22,Batalha,4,28,Caldas da Rainha,84.39,2.09,8.44,2.09,20.9,DAY/NIGHT
105,C,22,Batalha,4,121,Santarém,132.97,1.81,13.3,1.46,18.1,DAY/NIGHT
106,C,22,Batalha,4,135,Tomar,59.82,1.11,5.98,1.55,11.1,DAY/NIGHT
107,C,98,Ourém,2,65,Leiria,73.08,1.47,7.31,1.27,14.7,DAY/NIGHT
108,C,98,Ourém,2,135,Tomar,94.54,1.41,9.45,0.73,14.1,DAY/NIGHT
109,C,36,Coimbra,7,110,Pombal,100.56,2.5,10.06,2.06,25,DAY/NIGHT
110,C,36,Coimbra,7,53,Figueira da Foz,147.43,1.86,14.74,1.06,18.6,DAY/NIGHT
111,C,36,Coimbra,7,141,Vagos,113.84,2.13,11.38,2.17,21.3,DAY/NIGHT
112,C,36,Coimbra,7,2,Águeda,117.91,2.56,11.79,1.16,25.6,DAY/NIGHT
113,C,36,Coimbra,7,136,Tondela,126.2,1.85,12.62,1.67,18.5,DAY/NIGHT
114,C,36,Coimbra,7,102,Pampilhosa da Serra,159.7,3.24,15.97,1.91,32.4,DAY/NIGHT
115,C,36,Coimbra,7,106,Penela,74.9,1.8,7.49,1.44,18,DAY/NIGHT
116,C,2,Águeda,4,15,Arouca,60.05,1.24,6.01,2.05,12.4,DAY/NIGHT
117,C,2,Águeda,4,136,Tondela,92.96,1.97,9.3,1.07,19.7,DAY/NIGHT
118,C,2,Águeda,4,36,Coimbra,102.46,2.13,10.25,0.93,21.3,DAY/NIGHT
119,C,2,Águeda,4,17,Aveiro,84.47,1.34,8.45,1.22,13.4,DAY/NIGHT
120,C,15,Arouca,4,155,Vila Nova de Gaia,79.47,1.89,7.95,1.15,18.9,DAY/NIGHT
121,C,15,Arouca,4,42,Espinho,114.13,1.54,11.41,0.86,15.4,DAY/NIGHT
122,C,15,Arouca,4,2,Águeda,60.73,1.1,6.07,0.71,11,DAY/NIGHT
123,C,15,Arouca,4,161,Viseu,57.04,1.06,5.7,0.9,10.6,DAY/NIGHT
124,C,161,Viseu,5,64,Lamego,75.42,1.81,7.54,1.14,18.1,DAY/NIGHT
125,C,161,Viseu,5,15,Arouca,67.46,1.48,6.75,1.33,14.8,DAY/NIGHT
126,C,161,Viseu,5,136,Tondela,38.74,0.68,3.87,1.8,6.8,DAY/NIGHT
127,C,161,Viseu,5,88,Nelas,112.6,2.53,11.26,1.3,25.3,DAY/NIGHT
128,C,161,Viseu,5,59,Guarda,117.35,2.54,11.74,1.36,25.4,DAY/NIGHT
129,C,136,Tondela,4,161,Viseu,33.12,0.75,3.31,2.05,7.5,DAY/NIGHT
130,C,136,Tondela,4,2,Águeda,77.17,1.43,7.72,0.58,14.3,DAY/NIGHT
131,C,136,Tondela,4,36,Coimbra,125.68,2.4,12.57,1.1,24,DAY/NIGHT
132,C,136,Tondela,4,88,Nelas,105.59,1.79,10.56,1.16,17.9,DAY/NIGHT
133,C,106,Penela,2,150,Vila do Rei,91.44,1.19,9.14,1.76,11.9,DAY/NIGHT
134,C,106,Penela,2,36,Coimbra,117.61,2.69,11.76,1.15,26.9,DAY/NIGHT
135,C,150,Vila do Rei,4,106,Penela,93.13,1.74,9.31,1.54,17.4,DAY/NIGHT
136,C,150,Vila do Rei,4,135,Tomar,74.57,1,7.46,1.54,10,DAY/NIGHT
137,C,150,Vila do Rei,4,1,Abrantes,78.13,1.2,7.81,0.31,12,DAY/NIGHT
138,C,150,Vila do Rei,4,32,Castelo Branco,117.42,2.03,11.74,2.14,20.3,DAY/NIGHT
139,D,88,Nelas,4,161,Viseu,102.86,1.78,10.29,1.95,17.8,DAY/NIGHT
140,D,88,Nelas,4,136,Tondela,95.19,1.45,9.52,0.68,14.5,DAY/NIGHT
141,D,88,Nelas,4,102,Pampilhosa da Serra,76.99,1.86,7.7,0.91,18.6,DAY/NIGHT
142,D,88,Nelas,4,38,Covilhã,69.8,1.69,6.98,0.43,16.9,DAY/NIGHT
143,D,102,Pampilhosa da Serra,3,88,Nelas,82.54,1.33,8.25,0.72,13.3,DAY/NIGHT
144,D,102,Pampilhosa da Serra,3,32,Castelo Branco,113.02,2.16,11.3,0.47,21.6,DAY/NIGHT
145,D,102,Pampilhosa da Serra,3,36,Coimbra,148.73,2.13,14.87,0.91,21.3,DAY/NIGHT
146,D,38,Covilhã,3,54,Fundão,58.13,1.31,5.81,0.86,13.1,DAY/NIGHT
147,D,38,Covilhã,3,88,Nelas,82.94,1.74,8.29,1.11,17.4,DAY/NIGHT
148,D,38,Covilhã,3,32,Castelo Branco,116.87,2.24,11.69,0.93,22.4,DAY/NIGHT
149,D,54,Fundão,2,59,Guarda,38.38,0.85,3.84,1.18,8.5,DAY/NIGHT
150,D,54,Fundão,2,38,Covilhã,62.84,1.41,6.28,2.64,14.1,DAY/NIGHT
151,D,59,Guarda,4,154,Vila Nova de Foz Côa,87.24,1.46,8.72,1.67,14.6,DAY/NIGHT
152,D,59,Guarda,4,54,Fundão,29.29,0.7,2.93,1.42,7,DAY/NIGHT
153,D,59,Guarda,4,161,Viseu,76.6,1.13,7.66,0.58,11.3,DAY/NIGHT
154,D,59,Guarda,4,118,Sabugal,63.9,0.84,6.39,1.62,8.4,DAY/NIGHT
155,D,118,Sabugal,3,109,Pinhel,53.32,1.17,5.33,0.33,11.7,DAY/NIGHT
156,D,118,Sabugal,3,59,Guarda,56.29,1.09,5.63,0.87,10.9,DAY/NIGHT
157,D,118,Sabugal,3,32,Castelo Branco,132.62,2.05,13.26,1.84,20.5,DAY/NIGHT
158,D,109,Pinhel,2,71,Magadouro,111.74,2.26,11.17,0.86,22.6,DAY/NIGHT
159,D,109,Pinhel,2,118,Sabugal,42.47,0.61,4.25,1.16,6.1,DAY/NIGHT
160,D,32,Castelo Branco,5,89,Nisa,40.16,0.79,4.02,2.48,7.9,DAY/NIGHT
161,D,32,Castelo Branco,5,150,Vila do Rei,167.85,3.56,16.79,1.43,35.6,DAY/NIGHT
162,D,32,Castelo Branco,5,38,Covilhã,86.54,1.48,8.65,1.7,14.8,DAY/NIGHT
163,D,32,Castelo Branco,5,118,Sabugal,76.96,1.05,7.7,1.27,10.5,DAY/NIGHT
164,D,32,Castelo Branco,5,102,Pampilhosa da Serra,133.83,2.19,13.38,1.45,21.9,DAY/NIGHT
165,D,89,Nisa,3,32,Castelo Branco,62.87,0.93,6.29,1.66,9.3,DAY/NIGHT
166,D,89,Nisa,3,1,Abrantes,92.44,1.85,9.24,0.98,18.5,DAY/NIGHT
167,D,89,Nisa,3,112,Portalegre,87.29,1.58,8.73,0.14,15.8,DAY/NIGHT
168,E,28,Caldas da Rainha,4,87,Nazaré,48.92,0.69,4.89,0.77,6.9,DAY/NIGHT
169,E,28,Caldas da Rainha,4,22,Batalha,70.17,0.95,7.02,0.81,9.5,DAY/NIGHT
170,E,28,Caldas da Rainha,4,117,Rio Maior,43.62,1.09,4.36,0.99,10.9,DAY/NIGHT
171,E,28,Caldas da Rainha,4,90,Óbidos,15.25,0.19,1.53,1.08,1.9,DAY/NIGHT
172,E,90,Óbidos,3,28,Caldas da Rainha,17.28,0.4,1.73,0.92,4,DAY/NIGHT
173,E,90,Óbidos,3,117,Rio Maior,86.35,1.87,8.64,1.4,18.7,DAY/NIGHT
174,E,90,Óbidos,3,138,Torres Vedras,116.44,2.21,11.64,1.24,22.1,DAY/NIGHT
175,E,138,Torres Vedras,2,90,Óbidos,90.21,1.24,9.02,0.89,12.4,DAY/NIGHT
176,E,138,Torres Vedras,2,70,Mafra,54.14,1,5.41,0.58,10,DAY/NIGHT
177,E,70,Mafra,3,138,Torres Vedras,68.55,0.91,6.86,1.42,9.1,DAY/NIGHT
178,E,70,Mafra,3,152,Vila Franca de Xira,73.05,1.06,7.31,1.77,10.6,DAY/NIGHT
179,E,70,Mafra,3,131,Sintra,62.26,1.36,6.23,1.61,13.6,DAY/NIGHT
180,E,131,Sintra,4,31,Cascais,16.63,0.27,1.66,0.5,2.7,DAY/NIGHT
181,E,131,Sintra,4,11,Amadora,44.02,1.01,4.4,2.39,10.1,DAY/NIGHT
182,E,131,Sintra,4,70,Mafra,63.12,0.81,6.31,0.45,8.1,DAY/NIGHT
183,E,131,Sintra,4,68,Loures,56.87,1.29,5.69,1.04,12.9,DAY/NIGHT
184,E,31,Cascais,2,131,Sintra,30.99,0.45,3.1,0.54,4.5,DAY/NIGHT
185,E,31,Cascais,2,66,Lisbon,55.27,0.79,5.53,1.08,7.9,DAY/NIGHT
186,E,66,Lisbon,4,31,Cascais,36.9,0.46,3.69,0.17,4.6,DAY/NIGHT
187,E,66,Lisbon,4,11,Amadora,41.45,0.72,4.15,1.39,7.2,DAY/NIGHT
188,E,66,Lisbon,4,68,Loures,48.12,0.92,4.81,0.63,9.2,DAY/NIGHT
189,E,66,Lisbon,4,8,Almada,30.97,0.64,3.1,0.42,6.4,DAY/NIGHT
190,E,8,Almada,2,66,Lisbon,41.38,0.74,4.14,0.99,7.4,DAY/NIGHT
191,E,8,Almada,2,128,Setúbal,20.95,0.5,2.1,1.49,5,DAY/NIGHT
192,E,128,Setúbal,3,8,Almada,21.44,0.51,2.14,2.31,5.1,DAY/NIGHT
193,E,128,Setúbal,3,84,Montijo,68.77,1.17,6.88,1.15,11.7,DAY/NIGHT
194,E,128,Setúbal,3,4,Alcácer do Sal,57.28,1.16,5.73,1.66,11.6,DAY/NIGHT
195,E,11,Amadora,3,131,Sintra,40.08,0.87,4.01,1.4,8.7,DAY/NIGHT
196,E,11,Amadora,3,68,Loures,29.31,0.7,2.93,0.8,7,DAY/NIGHT
197,E,11,Amadora,3,66,Lisbon,34.94,0.51,3.49,1.36,5.1,DAY/NIGHT
198,E,68,Loures,4,66,Lisbon,37.33,0.82,3.73,1.1,8.2,DAY/NIGHT
199,E,68,Loures,4,11,Amadora,26.35,0.41,2.64,0.92,4.1,DAY/NIGHT
200,E,68,Loures,4,131,Sintra,32.32,0.76,3.23,1.87,7.6,DAY/NIGHT
201,E,68,Loures,4,152,Vila Franca de Xira,29.16,0.38,2.92,0.55,3.8,DAY/NIGHT
202,E,152,Vila Franca de Xira,4,68,Loures,23.42,0.46,2.34,0.32,4.6,DAY/NIGHT
203,E,152,Vila Franca de Xira,4,84,Montijo,74.67,1.07,7.47,2.63,10.7,DAY/NIGHT
204,E,152,Vila Franca de Xira,4,121,Santarém,96.87,1.64,9.69,1.35,16.4,DAY/NIGHT
205,E,152,Vila Franca de Xira,4,70,Mafra,52,0.76,5.2,1.11,7.6,DAY/NIGHT
206,E,117,Rio Maior,3,121,Santarém,46.66,0.94,4.67,1.86,9.4,DAY/NIGHT
207,E,117,Rio Maior,3,28,Caldas da Rainha,59.26,0.83,5.93,1.41,8.3,DAY/NIGHT
208,E,117,Rio Maior,3,90,Óbidos,33.88,0.77,3.39,0.88,7.7,DAY/NIGHT
209,E,121,Santarém,5,135,Tomar,47.85,0.9,4.79,1.09,9,DAY/NIGHT
210,E,121,Santarém,5,22,Batalha,108.27,2.54,10.83,1.28,25.4,DAY/NIGHT
211,E,121,Santarém,5,34,Chamusca,89.21,1.24,8.92,1.38,12.4,DAY/NIGHT
212,E,121,Santarém,5,117,Rio Maior,58.79,1.33,5.88,1.52,13.3,DAY/NIGHT
213,E,121,Santarém,5,152,Vila Franca de Xira,137.21,1.78,13.72,1.33,17.8,DAY/NIGHT
214,E,135,Tomar,5,150,Vila do Rei,53.8,1.21,5.38,1.16,12.1,DAY/NIGHT
215,E,135,Tomar,5,98,Ourém,66.29,1.5,6.63,0.46,15,DAY/NIGHT
216,E,135,Tomar,5,121,Santarém,50.46,1.19,5.05,1.56,11.9,DAY/NIGHT
217,E,135,Tomar,5,34,Chamusca,65.09,1.13,6.51,0.8,11.3,DAY/NIGHT
218,E,135,Tomar,5,22,Batalha,98.86,1.73,9.89,1.45,17.3,DAY/NIGHT
219,E,84,Montijo,4,145,Vendas Novas,69.02,1.15,6.9,2.01,11.5,DAY/NIGHT
220,E,84,Montijo,4,152,Vila Franca de Xira,52.43,0.73,5.24,1.51,7.3,DAY/NIGHT
221,E,84,Montijo,4,128,Setúbal,87.48,1.45,8.75,2.12,14.5,DAY/NIGHT
222,E,84,Montijo,4,4,Alcácer do Sal,61.38,1.39,6.14,0.57,13.9,DAY/NIGHT
223,F,1,Abrantes,3,150,Vila do Rei,45.4,0.65,4.54,0.88,6.5,DAY/NIGHT
224,F,1,Abrantes,3,89,Nisa,95.07,1.84,9.51,1,18.4,DAY/NIGHT
225,F,1,Abrantes,3,34,Chamusca,59.53,1.26,5.95,0.61,12.6,DAY/NIGHT
226,F,34,Chamusca,5,121,Santarém,84.92,2.07,8.49,1.06,20.7,DAY/NIGHT
227,F,34,Chamusca,5,135,Tomar,53.18,1.14,5.32,1.71,11.4,DAY/NIGHT
228,F,34,Chamusca,5,1,Abrantes,72.46,1.28,7.25,1.41,12.8,DAY/NIGHT
229,F,34,Chamusca,5,18,Avis,72.58,1.72,7.26,1.78,17.2,DAY/NIGHT
230,F,34,Chamusca,5,37,Coruche,44.24,1.08,4.42,1.29,10.8,DAY/NIGHT
231,F,37,Coruche,3,34,Chamusca,43.46,1.06,4.35,2.29,10.6,DAY/NIGHT
232,F,37,Coruche,3,145,Vendas Novas,59.48,0.77,5.95,2.62,7.7,DAY/NIGHT
233,F,37,Coruche,3,16,Arraiolos,42.74,1.05,4.27,0.7,10.5,DAY/NIGHT
234,F,145,Vendas Novas,4,37,Coruche,37.39,0.92,3.74,1.6,9.2,DAY/NIGHT
235,F,145,Vendas Novas,4,84,Montijo,43.14,0.7,4.31,0.75,7,DAY/NIGHT
236,F,145,Vendas Novas,4,146,Viana do Alentejo,46.4,1.07,4.64,1.56,10.7,DAY/NIGHT
237,F,145,Vendas Novas,4,47,Évora,86.57,1.75,8.66,1.42,17.5,DAY/NIGHT
238,F,146,Viana do Alentejo,3,52,Ferreira do Alentejo,48.59,0.94,4.86,0.79,9.4,DAY/NIGHT
239,F,146,Viana do Alentejo,3,145,Vendas Novas,51.17,0.97,5.12,1.08,9.7,DAY/NIGHT
240,F,146,Viana do Alentejo,3,39,Cuba,59.02,1.2,5.9,0.84,12,DAY/NIGHT
241,F,47,Évora,4,39,Cuba,24.09,0.53,2.41,1.88,5.3,DAY/NIGHT
242,F,47,Évora,4,145,Vendas Novas,94.41,2.12,9.44,0.53,21.2,DAY/NIGHT
243,F,47,Évora,4,16,Arraiolos,51.43,1.01,5.14,0.72,10.1,DAY/NIGHT
244,F,47,Évora,4,25,Borba,87.75,2.1,8.78,1.3,21,DAY/NIGHT
245,F,16,Arraiolos,3,47,Évora,36.98,0.51,3.7,2.06,5.1,DAY/NIGHT
246,F,16,Arraiolos,3,37,Coruche,68.25,1.5,6.83,0.86,15,DAY/NIGHT
247,F,16,Arraiolos,3,46,Estremoz,88.64,1.93,8.86,2.25,19.3,DAY/NIGHT
248,F,18,Avis,3,34,Chamusca,41.64,0.67,4.16,1.83,6.7,DAY/NIGHT
249,F,18,Avis,3,112,Portalegre,87.63,1.15,8.76,1.42,11.5,DAY/NIGHT
250,F,18,Avis,3,46,Estremoz,42.15,0.89,4.22,1.26,8.9,DAY/NIGHT
251,F,46,Estremoz,3,18,Avis,53.93,1.26,5.39,1.03,12.6,DAY/NIGHT
252,F,46,Estremoz,3,40,Elvas,75.95,1.52,7.6,0.95,15.2,DAY/NIGHT
253,F,46,Estremoz,3,16,Arraiolos,96.16,1.5,9.62,0.57,15,DAY/NIGHT
254,F,112,Portalegre,3,89,Nisa,82.61,1.88,8.26,1.04,18.8,DAY/NIGHT
255,F,112,Portalegre,3,18,Avis,71.68,1.21,7.17,1.03,12.1,DAY/NIGHT
256,F,112,Portalegre,3,40,Elvas,41.64,0.94,4.16,0.9,9.4,DAY/NIGHT
257,F,40,Elvas,4,159,Vila Viçosa,41.42,0.93,4.14,1.4,9.3,DAY/NIGHT
258,F,40,Elvas,4,25,Borba,26.2,0.46,2.62,0.79,4.6,DAY/NIGHT
259,F,40,Elvas,4,46,Estremoz,55.41,0.82,5.54,1.27,8.2,DAY/NIGHT
260,F,40,Elvas,4,112,Portalegre,29.66,0.55,2.97,1.72,5.5,DAY/NIGHT
261,F,25,Borba,3,40,Elvas,34.19,0.72,3.42,0.99,7.2,DAY/NIGHT
262,F,25,Borba,3,159,Vila Viçosa,38.66,0.69,3.87,1.2,6.9,DAY/NIGHT
263,F,25,Borba,3,47,Évora,126.84,1.91,12.68,1.36,19.1,DAY/NIGHT
264,F,159,Vila Viçosa,3,25,Borba,44.92,0.7,4.49,1.43,7,DAY/NIGHT
265,F,159,Vila Viçosa,3,40,Elvas,43.05,1.02,4.31,1.26,10.2,DAY/NIGHT
266,F,159,Vila Viçosa,3,86,Mourão,76.81,1.56,7.68,1.26,15.6,DAY/NIGHT
267,F,86,Mourão,3,85,Moura,42.62,0.94,4.26,0.64,9.4,DAY/NIGHT
268,F,86,Mourão,3,47,Évora,59.37,0.98,5.94,0.96,9.8,DAY/NIGHT
269,F,86,Mourão,3,159,Vila Viçosa,38.66,0.92,3.87,1.78,9.2,DAY/NIGHT
270,G,130,Sines,2,4,Alcácer do Sal,54.94,1.35,5.49,1.28,13.5,DAY/NIGHT
271,G,130,Sines,2,91,Odemira,42.46,0.56,4.25,1.74,5.6,DAY/NIGHT
272,G,91,Odemira,3,130,Sines,56.79,1.17,5.68,0.67,11.7,DAY/NIGHT
273,G,91,Odemira,3,99,Ourique,90.04,1.62,9,0.96,16.2,DAY/NIGHT
274,G,91,Odemira,3,82,Monchique,32.95,0.79,3.3,1.33,7.9,DAY/NIGHT
275,G,82,Monchique,4,148,Vila do Bispo,23.44,0.3,2.34,1.01,3,DAY/NIGHT
276,G,82,Monchique,4,63,Lagos,45.66,0.77,4.57,0.19,7.7,DAY/NIGHT
277,G,82,Monchique,4,113,Portimão,44.69,0.63,4.47,0.54,6.3,DAY/NIGHT
278,G,82,Monchique,4,91,Odemira,36.48,0.54,3.65,1.66,5.4,DAY/NIGHT
279,G,148,Vila do Bispo,2,82,Monchique,24.49,0.48,2.45,0.45,4.8,DAY/NIGHT
280,G,148,Vila do Bispo,2,63,Lagos,31.32,0.64,3.13,0.83,6.4,DAY/NIGHT
281,G,63,Lagos,3,148,Vila do Bispo,35.28,0.49,3.53,1.5,4.9,DAY/NIGHT
282,G,63,Lagos,3,113,Portimão,47.5,0.85,4.75,0.6,8.5,DAY/NIGHT
283,G,63,Lagos,3,82,Monchique,38.12,0.74,3.81,1.78,7.4,DAY/NIGHT
284,G,113,Portimão,3,82,Monchique,40.98,0.52,4.1,0.21,5.2,DAY/NIGHT
285,G,113,Portimão,3,63,Lagos,41.1,0.53,4.11,0.77,5.3,DAY/NIGHT
286,G,113,Portimão,3,62,Lagoa,50.52,0.76,5.05,1.82,7.6,DAY/NIGHT
287,G,99,Ourique,4,52,Ferreira do Alentejo,84.24,2.04,8.42,0.66,20.4,DAY/NIGHT
288,G,99,Ourique,4,91,Odemira,59.44,0.85,5.94,1.03,8.5,DAY/NIGHT
289,G,99,Ourique,4,129,Silves,50.32,0.73,5.03,1.98,7.3,DAY/NIGHT
290,G,99,Ourique,4,10,Almodôvar,98.64,1.41,9.86,1,14.1,DAY/NIGHT
291,G,4,Alcácer do Sal,4,52,Ferreira do Alentejo,74.56,1.3,7.46,1.89,13,DAY/NIGHT
292,G,4,Alcácer do Sal,4,128,Setúbal,76.71,1.35,7.67,1.1,13.5,DAY/NIGHT
293,G,4,Alcácer do Sal,4,130,Sines,69.82,1.03,6.98,1.54,10.3,DAY/NIGHT
294,G,4,Alcácer do Sal,4,84,Montijo,80.04,1.49,8,2.74,14.9,DAY/NIGHT
295,G,52,Ferreira do Alentejo,4,146,Viana do Alentejo,55.01,1.26,5.5,1.22,12.6,DAY/NIGHT
296,G,52,Ferreira do Alentejo,4,4,Alcácer do Sal,65.81,1.15,6.58,1.98,11.5,DAY/NIGHT
297,G,52,Ferreira do Alentejo,4,99,Ourique,73.61,1.15,7.36,1.93,11.5,DAY/NIGHT
298,G,52,Ferreira do Alentejo,4,23,Beja,85.49,1.66,8.55,0.82,16.6,DAY/NIGHT
299,G,129,Silves,4,99,Ourique,50.8,1.22,5.08,1.16,12.2,DAY/NIGHT
300,G,129,Silves,4,62,Lagoa,32.69,0.69,3.27,0.73,6.9,DAY/NIGHT
301,G,129,Silves,4,3,Albufeira,29.81,0.5,2.98,0.95,5,DAY/NIGHT
302,G,129,Silves,4,67,Loulé,53.54,1.22,5.35,1.09,12.2,DAY/NIGHT
303,G,62,Lagoa,3,129,Silves,41.26,0.6,4.13,1.97,6,DAY/NIGHT
304,G,62,Lagoa,3,3,Albufeira,51.54,0.92,5.15,1.68,9.2,DAY/NIGHT
305,G,62,Lagoa,3,113,Portimão,30.12,0.62,3.01,1.16,6.2,DAY/NIGHT
306,H,39,Cuba,3,47,Évora,60.53,1.51,6.05,2.04,15.1,DAY/NIGHT
307,H,39,Cuba,3,146,Viana do Alentejo,59.18,1.17,5.92,1.95,11.7,DAY/NIGHT
308,H,39,Cuba,3,23,Beja,68.92,1.72,6.89,1.07,17.2,DAY/NIGHT
309,H,23,Beja,4,39,Cuba,53.99,1.05,5.4,1.69,10.5,DAY/NIGHT
310,H,23,Beja,4,52,Ferreira do Alentejo,103.03,1.46,10.3,1.06,14.6,DAY/NIGHT
311,H,23,Beja,4,10,Almodôvar,37.31,0.69,3.73,0.85,6.9,DAY/NIGHT
312,H,23,Beja,4,127,Serpa,49.42,0.73,4.94,0.61,7.3,DAY/NIGHT
313,H,10,Almodôvar,3,23,Beja,48.57,0.84,4.86,1.35,8.4,DAY/NIGHT
314,H,10,Almodôvar,3,99,Ourique,84.73,1.45,8.47,1.04,14.5,DAY/NIGHT
315,H,10,Almodôvar,3,67,Loulé,51.46,1.29,5.15,0.37,12.9,DAY/NIGHT
316,H,67,Loulé,5,129,Silves,91.57,1.5,9.16,1.35,15,DAY/NIGHT
317,H,67,Loulé,5,10,Almodôvar,58.83,1.3,5.88,1.57,13,DAY/NIGHT
318,H,67,Loulé,5,6,Alcotim,62.69,0.83,6.27,1.1,8.3,DAY/NIGHT
319,H,67,Loulé,5,49,Faro,69.33,1.17,6.93,0.75,11.7,DAY/NIGHT
320,H,67,Loulé,5,3,Albufeira,68.11,0.88,6.81,0.79,8.8,DAY/NIGHT
321,H,3,Albufeira,4,129,Silves,58.13,1.28,5.81,0.63,12.8,DAY/NIGHT
322,H,3,Albufeira,4,62,Lagoa,85.44,1.53,8.54,0.86,15.3,DAY/NIGHT
323,H,3,Albufeira,4,67,Loulé,57.26,1.11,5.73,1,11.1,DAY/NIGHT
324,H,3,Albufeira,4,49,Faro,49.69,0.69,4.97,0.7,6.9,DAY/NIGHT
325,H,49,Faro,3,67,Loulé,53.23,1.1,5.32,1.16,11,DAY/NIGHT
326,H,49,Faro,3,3,Albufeira,58.03,0.75,5.8,1.39,7.5,DAY/NIGHT
327,H,49,Faro,3,33,Castro Marim,64.64,1.34,6.46,0.78,13.4,DAY/NIGHT
328,H,33,Castro Marim,2,6,Alcotim,53.93,1.11,5.39,2.23,11.1,DAY/NIGHT
329,H,33,Castro Marim,2,49,Faro,56.84,0.92,5.68,1.97,9.2,DAY/NIGHT
330,H,6,Alcotim,3,67,Loulé,45.73,1.13,4.57,0.86,11.3,DAY/NIGHT
331,H,6,Alcotim,3,33,Castro Marim,46.18,0.95,4.62,1.08,9.5,DAY/NIGHT
332,H,6,Alcotim,3,127,Serpa,38.33,0.63,3.83,1.69,6.3,DAY/NIGHT
333,H,127,Serpa,3,85,Moura,45.2,1.04,4.52,2.06,10.4,DAY/NIGHT
334,H,127,Serpa,3,23,Beja,53.13,1.29,5.31,2.01,12.9,DAY/NIGHT
335,H,127,Serpa,3,6,Alcotim,45.67,0.98,4.57,1.3,9.8,DAY/NIGHT
336,H,85,Moura,2,86,Mourão,57.98,1.17,5.8,0.57,11.7,DAY/NIGHT
337,H,85,Moura,2,127,Serpa,54.84,1.22,5.48,0.86,12.2,DAY/NIGHT